{
    "accuracy": 0.8629068818569227,
    "precision": 0.865216438897232,
    "recall": 0.8629068818569227
}