{
    "accuracy": 0.8640855925287877,
    "precision": 0.8665203953508299,
    "recall": 0.8640855925287877
}