{
    "accuracy": 0.8671471308131629,
    "precision": 0.8688192088248792,
    "recall": 0.8671471308131629
}